Customer_ID,Gender,Age,Married,State,Number_of_Referrals,Tenure_in_Months,Value_Deal,Phone_Service,Multiple_Lines,Internet_Service,Internet_Type,Online_Security,Online_Backup,Device_Protection_Plan,Premium_Support,Streaming_TV,Streaming_Movies,Streaming_Music,Unlimited_Data,Contract,Paperless_Billing,Payment_Method,Monthly_Charge,Total_Charges,Total_Refunds,Total_Extra_Data_Charges,Total_Long_Distance_Charges,Total_Revenue,Customer_Status,Churn_Category,Churn_Reason,Customer_Status_Predicted
93520-GUJ,Female,67,No,Gujarat,13,19,Deal 5,Yes,Yes,Yes,Fiber Optic,No,No,No,No,No,No,No,Yes,One Year,Yes,Bank Withdrawal,72,72,0,0,8,80,Joined,Others,Others,1
57256-BIH,Female,18,No,Bihar,9,7,None,Yes,No,No,None,No,No,No,No,No,No,No,No,Month-to-Month,No,Credit Card,20,57,0,0,9,67,Joined,Others,Others,1
72357-MAD,Female,53,No,Madhya Pradesh,14,12,Deal 5,Yes,No,Yes,DSL,No,No,No,No,No,No,No,Yes,Month-to-Month,Yes,Credit Card,44,44,0,0,43,87,Joined,Others,Others,1
66612-KAR,Female,58,Yes,Karnataka,11,18,None,Yes,No,No,None,No,No,No,No,No,No,No,No,Month-to-Month,No,Credit Card,20,58,0,0,8,66,Joined,Others,Others,1
22119-WES,Male,31,Yes,West Bengal,5,5,None,Yes,No,No,None,No,No,No,No,No,No,No,No,Month-to-Month,No,Credit Card,20,34,0,0,4,37,Joined,Others,Others,1
79168-UTT,Female,78,No,Uttar Pradesh,2,10,Deal 5,Yes,No,Yes,Cable,No,No,No,No,No,No,No,Yes,One Year,Yes,Bank Withdrawal,44,89,0,0,48,137,Joined,Others,Others,1
66712-GUJ,Female,47,Yes,Gujarat,6,33,Deal 5,Yes,No,Yes,Fiber Optic,No,Yes,No,No,No,Yes,Yes,Yes,Month-to-Month,No,Bank Withdrawal,84,235,0,0,41,276,Joined,Others,Others,1
53815-BIH,Female,36,No,Bihar,2,4,None,Yes,No,No,None,No,No,No,No,No,No,No,No,Month-to-Month,No,Credit Card,20,20,0,0,34,54,Joined,Others,Others,1
34110-MAH,Female,20,Yes,Maharashtra,6,3,None,Yes,Yes,Yes,Cable,No,No,No,No,No,No,No,Yes,Month-to-Month,Yes,Bank Withdrawal,50,50,0,0,29,79,Joined,Others,Others,1
12056-WES,Male,27,No,West Bengal,2,20,None,Yes,No,Yes,Fiber Optic,No,Yes,Yes,No,No,Yes,Yes,Yes,Month-to-Month,No,Bank Withdrawal,90,268,0,0,94,363,Joined,Others,Others,1
82129-JHA,Female,26,No,Jharkhand,9,8,Deal 5,Yes,No,Yes,DSL,No,Yes,No,No,Yes,No,No,Yes,Month-to-Month,Yes,Credit Card,59,169,0,0,34,203,Joined,Others,Others,1
39764-UTT,Female,39,Yes,Uttar Pradesh,5,14,None,Yes,No,No,None,No,No,No,No,No,No,No,No,Month-to-Month,No,Credit Card,19,46,0,0,89,135,Joined,Others,Others,1
29626-WES,Male,67,No,West Bengal,10,22,Deal 5,Yes,No,Yes,DSL,Yes,No,No,No,No,No,No,No,Month-to-Month,No,Bank Withdrawal,50,50,0,50,38,138,Joined,Others,Others,1
47133-ODI,Female,60,Yes,Odisha,15,8,None,Yes,No,Yes,Cable,No,No,No,No,No,No,No,Yes,Month-to-Month,No,Bank Withdrawal,45,123,0,0,47,169,Joined,Others,Others,1
62842-HAR,Male,33,Yes,Haryana,11,25,None,Yes,No,No,None,No,No,No,No,No,No,No,No,Month-to-Month,No,Credit Card,19,44,0,0,100,144,Joined,Others,Others,1
21288-MAH,Female,63,No,Maharashtra,12,34,None,Yes,Yes,Yes,DSL,No,No,No,No,Yes,No,No,No,Month-to-Month,Yes,Bank Withdrawal,60,171,0,70,60,301,Joined,Others,Others,1
83994-DEL,Male,48,Yes,Delhi,8,24,None,Yes,No,Yes,Fiber Optic,No,No,No,No,Yes,Yes,Yes,Yes,Month-to-Month,No,Credit Card,91,238,0,0,16,254,Joined,Others,Others,1
24754-AND,Female,63,Yes,Andhra Pradesh,0,28,None,Yes,No,Yes,Fiber Optic,No,No,No,No,No,No,No,Yes,Month-to-Month,Yes,Bank Withdrawal,70,200,34,0,5,171,Joined,Others,Others,1
62497-BIH,Female,20,No,Bihar,0,2,Deal 5,Yes,No,No,None,No,No,No,No,No,No,No,No,Month-to-Month,Yes,Credit Card,21,67,0,0,49,116,Joined,Others,Others,1
24990-WES,Female,36,No,West Bengal,8,24,None,Yes,No,Yes,Fiber Optic,No,No,No,No,No,No,No,Yes,Month-to-Month,Yes,Bank Withdrawal,72,136,0,0,58,194,Joined,Others,Others,1
26500-GUJ,Female,62,Yes,Gujarat,3,19,Deal 5,Yes,No,Yes,Cable,Yes,No,No,No,No,Yes,Yes,Yes,Month-to-Month,Yes,Mailed Check,62,113,0,0,97,210,Joined,Others,Others,1
17796-BIH,Female,65,No,Bihar,5,1,None,Yes,No,Yes,Cable,Yes,No,No,No,No,No,No,Yes,Month-to-Month,Yes,Bank Withdrawal,48,48,0,0,16,65,Joined,Others,Others,1
21956-JHA,Female,59,Yes,Jharkhand,10,8,None,Yes,No,Yes,Fiber Optic,Yes,No,No,Yes,No,No,No,No,Month-to-Month,Yes,Credit Card,82,214,0,20,135,369,Joined,Others,Others,1
92198-DEL,Female,44,Yes,Delhi,8,15,Deal 5,Yes,No,No,None,No,No,No,No,No,No,No,No,Month-to-Month,Yes,Credit Card,20,20,0,0,28,48,Joined,Others,Others,1
79905-UTT,Female,24,No,Uttar Pradesh,0,12,None,Yes,No,No,None,No,No,No,No,No,No,No,No,Month-to-Month,No,Credit Card,20,20,0,0,30,51,Joined,Others,Others,1
71509-HAR,Female,40,No,Haryana,3,27,None,Yes,No,Yes,DSL,No,No,No,No,Yes,No,No,Yes,Month-to-Month,Yes,Bank Withdrawal,55,55,0,0,36,91,Joined,Others,Others,1
62535-AND,Male,42,No,Andhra Pradesh,8,22,Deal 5,Yes,No,Yes,Cable,No,No,No,Yes,Yes,Yes,Yes,Yes,Month-to-Month,No,Credit Card,71,226,0,0,75,301,Joined,Others,Others,1
45978-GUJ,Female,38,Yes,Gujarat,2,19,None,Yes,No,No,None,No,No,No,No,No,No,No,No,Month-to-Month,No,Credit Card,21,44,0,0,55,100,Joined,Others,Others,1
91835-GUJ,Male,21,Yes,Gujarat,12,5,None,Yes,No,Yes,Cable,No,No,Yes,Yes,Yes,Yes,Yes,Yes,Month-to-Month,Yes,Bank Withdrawal,76,76,0,0,6,81,Joined,Others,Others,1
98788-TAM,Male,58,Yes,Tamil Nadu,4,16,Deal 5,Yes,No,No,None,No,No,No,No,No,No,No,No,Month-to-Month,Yes,Mailed Check,20,39,0,0,14,53,Joined,Others,Others,1
48018-RAJ,Male,39,No,Rajasthan,1,14,None,Yes,No,No,None,No,No,No,No,No,No,No,No,Month-to-Month,No,Credit Card,20,20,0,0,31,50,Joined,Others,Others,1
31601-DEL,Female,31,Yes,Delhi,2,10,None,Yes,No,No,None,No,No,No,No,No,No,No,No,Month-to-Month,No,Credit Card,20,20,0,0,42,62,Joined,Others,Others,1
74651-WES,Female,30,Yes,West Bengal,7,23,None,No,No,Yes,DSL,No,Yes,No,No,No,No,No,Yes,Month-to-Month,No,Credit Card,29,99,0,0,0,99,Joined,Others,Others,1
42358-BIH,Female,53,No,Bihar,9,35,None,Yes,No,Yes,DSL,No,No,No,No,Yes,No,No,Yes,Month-to-Month,Yes,Bank Withdrawal,54,140,0,0,124,265,Joined,Others,Others,1
71564-KAR,Female,48,No,Karnataka,6,5,None,Yes,No,No,None,No,No,No,No,No,No,No,No,Month-to-Month,No,Credit Card,19,19,0,0,5,24,Joined,Others,Others,1
22137-KAR,Female,51,No,Karnataka,4,28,None,Yes,No,No,None,No,No,No,No,No,No,No,No,One Year,No,Credit Card,20,20,0,0,47,67,Joined,Others,Others,1
44709-WES,Female,72,Yes,West Bengal,7,17,None,No,No,Yes,DSL,No,Yes,No,No,No,No,No,Yes,Month-to-Month,Yes,Bank Withdrawal,31,83,0,0,0,83,Joined,Others,Others,1
27856-UTT,Female,33,Yes,Uttar Pradesh,1,32,Deal 5,Yes,No,No,None,No,No,No,No,No,No,No,No,Month-to-Month,Yes,Bank Withdrawal,19,19,0,0,9,29,Joined,Others,Others,1
26567-UTT,Female,67,Yes,Uttar Pradesh,1,35,None,Yes,No,No,None,No,No,No,No,No,No,No,No,Two Year,No,Credit Card,20,20,0,0,30,50,Joined,Others,Others,1
27465-JAM,Female,50,No,Jammu & Kashmir,10,30,None,Yes,No,No,None,No,No,No,No,No,No,No,No,Month-to-Month,No,Credit Card,20,20,0,0,16,36,Joined,Others,Others,1
54195-MAH,Female,61,Yes,Maharashtra,11,23,None,Yes,No,No,None,No,No,No,No,No,No,No,No,Month-to-Month,No,Bank Withdrawal,20,20,0,0,38,57,Joined,Others,Others,1
38748-AND,Female,22,Yes,Andhra Pradesh,13,6,None,Yes,No,No,None,No,No,No,No,No,No,No,No,Month-to-Month,No,Bank Withdrawal,20,20,0,0,28,48,Joined,Others,Others,1
78918-BIH,Female,59,No,Bihar,12,11,Deal 5,Yes,No,Yes,Fiber Optic,Yes,No,No,No,No,Yes,Yes,Yes,Month-to-Month,Yes,Credit Card,86,245,0,0,55,300,Joined,Others,Others,1
26902-TEL,Male,52,Yes,Telangana,7,2,None,Yes,No,Yes,Fiber Optic,No,No,No,Yes,Yes,Yes,Yes,Yes,Month-to-Month,Yes,Bank Withdrawal,96,96,0,0,3,99,Joined,Others,Others,1
97497-RAJ,Male,24,Yes,Rajasthan,9,8,Deal 5,Yes,No,Yes,DSL,No,Yes,No,No,No,No,No,Yes,Month-to-Month,Yes,Bank Withdrawal,50,50,0,0,6,56,Joined,Others,Others,1
32063-UTT,Female,63,Yes,Uttar Pradesh,6,31,Deal 5,Yes,No,No,None,No,No,No,No,No,No,No,No,Month-to-Month,Yes,Credit Card,19,19,0,0,28,47,Joined,Others,Others,1
84843-MAD,Female,57,Yes,Madhya Pradesh,11,8,None,Yes,Yes,Yes,Fiber Optic,No,No,No,No,No,No,No,Yes,Month-to-Month,Yes,Bank Withdrawal,75,75,0,0,5,80,Joined,Others,Others,1
43920-RAJ,Female,38,No,Rajasthan,9,3,Deal 5,Yes,No,Yes,Cable,Yes,No,No,No,No,No,No,Yes,Month-to-Month,No,Credit Card,50,50,0,0,9,59,Joined,Others,Others,1
94609-HAR,Female,45,No,Haryana,1,11,None,Yes,No,No,None,No,No,No,No,No,No,No,No,Month-to-Month,No,Credit Card,20,61,0,0,91,152,Joined,Others,Others,1
48939-BIH,Female,38,Yes,Bihar,1,6,None,Yes,No,Yes,DSL,No,Yes,No,No,No,No,No,Yes,Month-to-Month,No,Bank Withdrawal,50,50,0,0,45,95,Joined,Others,Others,1
67882-UTT,Female,44,No,Uttar Pradesh,3,16,Deal 5,Yes,No,Yes,DSL,No,No,No,No,No,No,No,Yes,Month-to-Month,No,Bank Withdrawal,44,44,0,0,38,81,Joined,Others,Others,1
18015-ODI,Female,28,Yes,Odisha,15,9,None,Yes,No,Yes,DSL,No,No,No,Yes,No,No,No,Yes,Month-to-Month,Yes,Bank Withdrawal,50,50,0,0,15,65,Joined,Others,Others,1
12257-ASS,Female,39,No,Assam,9,1,None,Yes,No,No,None,No,No,No,No,No,No,No,No,Month-to-Month,Yes,Credit Card,20,20,0,0,10,30,Joined,Others,Others,1
78253-GUJ,Male,63,No,Gujarat,13,30,None,Yes,No,Yes,Fiber Optic,No,Yes,No,No,No,Yes,Yes,Yes,Month-to-Month,Yes,Bank Withdrawal,85,85,0,0,15,100,Joined,Others,Others,1
66868-HAR,Female,25,Yes,Haryana,13,10,None,Yes,No,Yes,Fiber Optic,No,No,No,No,No,No,No,No,Month-to-Month,Yes,Bank Withdrawal,70,70,0,10,10,90,Joined,Others,Others,1
33776-BIH,Male,32,Yes,Bihar,6,10,None,Yes,No,No,None,No,No,No,No,No,No,No,No,Month-to-Month,No,Credit Card,19,19,0,0,36,55,Joined,Others,Others,1
16931-BIH,Female,39,Yes,Bihar,8,23,Deal 5,Yes,No,No,None,No,No,No,No,No,No,No,No,Month-to-Month,Yes,Credit Card,19,19,0,0,9,28,Joined,Others,Others,1
74518-ODI,Female,27,No,Odisha,13,13,Deal 5,Yes,No,Yes,DSL,No,No,No,No,No,No,No,Yes,Month-to-Month,No,Bank Withdrawal,44,83,0,0,37,120,Joined,Others,Others,1
83486-MAH,Male,34,No,Maharashtra,5,4,Deal 5,Yes,No,Yes,Fiber Optic,No,No,Yes,No,No,No,No,Yes,Month-to-Month,No,Credit Card,75,75,0,0,39,114,Joined,Others,Others,1
38663-UTT,Male,42,No,Uttar Pradesh,7,15,Deal 5,Yes,No,No,None,No,No,No,No,No,No,No,No,Month-to-Month,No,Credit Card,20,40,0,0,15,55,Joined,Others,Others,1
44655-TEL,Male,41,Yes,Telangana,0,25,None,Yes,No,Yes,DSL,No,No,No,Yes,No,No,No,Yes,Month-to-Month,Yes,Mailed Check,51,148,0,0,79,227,Joined,Others,Others,1
11751-TAM,Female,18,No,Tamil Nadu,5,7,Deal 5,No,No,Yes,DSL,No,No,No,No,No,No,No,Yes,Month-to-Month,No,Mailed Check,24,38,0,0,0,38,Joined,Others,Others,1
45213-AND,Female,25,Yes,Andhra Pradesh,15,5,Deal 5,Yes,No,Yes,Cable,Yes,No,No,No,No,Yes,Yes,Yes,Month-to-Month,Yes,Credit Card,61,126,0,0,64,190,Joined,Others,Others,1
21165-DEL,Female,38,No,Delhi,2,32,Deal 5,Yes,No,No,None,No,No,No,No,No,No,No,No,Month-to-Month,No,Credit Card,20,38,0,0,69,107,Joined,Others,Others,1
83113-GUJ,Male,35,No,Gujarat,8,30,None,No,No,Yes,DSL,No,No,No,Yes,No,No,No,Yes,Month-to-Month,No,Credit Card,29,29,0,0,0,29,Joined,Others,Others,1
34319-UTT,Male,40,Yes,Uttar Pradesh,12,25,Deal 5,Yes,No,Yes,DSL,No,Yes,No,No,No,No,No,Yes,Month-to-Month,Yes,Credit Card,50,50,0,0,20,70,Joined,Others,Others,1
73044-KAR,Male,23,Yes,Karnataka,15,5,None,Yes,No,Yes,Fiber Optic,No,Yes,No,No,No,No,No,Yes,Month-to-Month,No,Credit Card,75,75,0,0,43,118,Joined,Others,Others,1
71689-PUN,Female,42,Yes,Punjab,3,19,None,Yes,No,Yes,DSL,No,No,No,No,No,No,No,Yes,Month-to-Month,No,Credit Card,44,44,0,0,46,90,Joined,Others,Others,1
78885-TAM,Female,43,No,Tamil Nadu,2,5,Deal 5,Yes,No,No,None,No,No,No,No,No,No,No,No,Month-to-Month,No,Credit Card,20,20,0,0,20,40,Joined,Others,Others,1
65987-TAM,Male,52,Yes,Tamil Nadu,9,34,Deal 5,Yes,Yes,Yes,DSL,Yes,Yes,No,No,No,No,No,Yes,Month-to-Month,No,Bank Withdrawal,61,61,0,0,17,78,Joined,Others,Others,1
94070-JAM,Female,21,Yes,Jammu & Kashmir,8,3,None,Yes,No,Yes,Fiber Optic,No,No,No,No,Yes,Yes,Yes,Yes,Month-to-Month,Yes,Bank Withdrawal,90,90,0,0,24,114,Joined,Others,Others,1
85031-RAJ,Female,60,No,Rajasthan,1,4,Deal 5,Yes,No,Yes,DSL,No,No,No,No,No,No,No,Yes,Month-to-Month,No,Bank Withdrawal,44,44,0,0,13,57,Joined,Others,Others,1
72469-MAD,Male,56,No,Madhya Pradesh,9,9,None,Yes,No,Yes,Cable,Yes,No,Yes,No,No,No,No,Yes,Month-to-Month,No,Credit Card,56,56,0,0,18,73,Joined,Others,Others,1
46792-MAD,Female,59,Yes,Madhya Pradesh,6,25,Deal 5,No,No,Yes,DSL,No,No,Yes,Yes,No,No,No,Yes,Month-to-Month,No,Credit Card,36,36,0,0,0,36,Joined,Others,Others,1
28873-TAM,Male,55,No,Tamil Nadu,7,4,None,Yes,No,Yes,Fiber Optic,No,Yes,No,No,No,No,No,Yes,Month-to-Month,No,Bank Withdrawal,75,152,0,0,8,159,Joined,Others,Others,1
95748-UTT,Male,22,Yes,Uttar Pradesh,5,4,Deal 5,Yes,Yes,No,None,No,No,No,No,No,No,No,No,Month-to-Month,No,Mailed Check,25,25,0,0,33,58,Joined,Others,Others,1
23683-TEL,Male,26,No,Telangana,10,16,None,Yes,No,No,None,No,No,No,No,No,No,No,No,Month-to-Month,Yes,Credit Card,20,20,0,0,43,63,Joined,Others,Others,1
84789-PUN,Male,46,No,Punjab,9,19,Deal 5,Yes,No,Yes,Fiber Optic,No,Yes,Yes,Yes,Yes,Yes,Yes,Yes,Month-to-Month,Yes,Bank Withdrawal,108,319,0,0,38,357,Joined,Others,Others,1
84508-TAM,Female,28,Yes,Tamil Nadu,11,28,None,Yes,No,No,None,No,No,No,No,No,No,No,No,Month-to-Month,No,Credit Card,21,21,0,0,19,40,Joined,Others,Others,1
98301-WES,Male,28,Yes,West Bengal,4,27,None,Yes,No,Yes,Cable,Yes,No,Yes,No,No,No,No,Yes,Month-to-Month,No,Bank Withdrawal,53,120,0,0,25,145,Joined,Others,Others,1
16068-BIH,Female,44,Yes,Bihar,4,25,Deal 5,No,No,Yes,DSL,No,No,No,No,No,No,No,No,Month-to-Month,No,Bank Withdrawal,25,25,0,10,0,35,Joined,Others,Others,1
42768-TAM,Female,45,No,Tamil Nadu,13,14,None,Yes,No,No,None,No,No,No,No,No,No,No,No,Month-to-Month,No,Credit Card,19,19,0,0,3,22,Joined,Others,Others,1
46619-RAJ,Male,25,No,Rajasthan,1,14,None,Yes,No,No,None,No,No,No,No,No,No,No,No,One Year,No,Credit Card,20,20,0,0,28,48,Joined,Others,Others,1
84613-BIH,Female,30,No,Bihar,8,22,Deal 5,Yes,Yes,Yes,Fiber Optic,No,Yes,No,No,No,No,No,No,Month-to-Month,Yes,Credit Card,79,79,0,60,18,157,Joined,Others,Others,1
91320-PUD,Female,58,No,Puducherry,0,18,None,Yes,No,Yes,Fiber Optic,No,No,No,No,No,No,No,Yes,Month-to-Month,No,Bank Withdrawal,70,70,0,0,1,71,Joined,Others,Others,1
39540-BIH,Female,34,No,Bihar,12,13,None,Yes,No,Yes,Cable,No,No,No,Yes,No,No,No,Yes,Month-to-Month,No,Credit Card,49,49,0,0,26,75,Joined,Others,Others,1
19539-PUN,Female,37,Yes,Punjab,14,8,Deal 5,Yes,No,Yes,DSL,No,No,No,No,No,No,No,Yes,Month-to-Month,Yes,Credit Card,45,45,0,0,49,95,Joined,Others,Others,1
23256-HAR,Female,32,Yes,Haryana,10,31,Deal 5,Yes,No,No,None,No,No,No,No,No,No,No,No,Month-to-Month,No,Bank Withdrawal,20,52,0,0,72,124,Joined,Others,Others,1
66164-CHH,Female,62,No,Chhattisgarh,13,20,None,Yes,No,No,None,No,No,No,No,No,No,No,No,Month-to-Month,No,Credit Card,19,61,0,0,13,74,Joined,Others,Others,1
45038-BIH,Female,25,Yes,Bihar,7,14,None,Yes,No,Yes,Fiber Optic,Yes,No,No,No,No,No,No,Yes,Month-to-Month,Yes,Bank Withdrawal,75,234,0,0,30,264,Joined,Others,Others,1
58974-MAD,Male,34,No,Madhya Pradesh,11,14,None,Yes,No,No,None,No,No,No,No,No,No,No,No,Month-to-Month,No,Credit Card,20,41,0,0,25,67,Joined,Others,Others,1
94243-TAM,Female,34,No,Tamil Nadu,5,15,None,Yes,No,No,None,No,No,No,No,No,No,No,No,Month-to-Month,Yes,Credit Card,20,20,0,0,8,28,Joined,Others,Others,1
92398-AND,Male,35,No,Andhra Pradesh,5,12,Deal 5,Yes,No,No,None,No,No,No,No,No,No,No,No,Month-to-Month,Yes,Credit Card,20,62,0,0,46,108,Joined,Others,Others,1
84535-TAM,Male,46,No,Tamil Nadu,2,36,None,Yes,No,No,None,No,No,No,No,No,No,No,No,Month-to-Month,No,Mailed Check,20,43,0,0,99,142,Joined,Others,Others,1
72971-TAM,Female,81,No,Tamil Nadu,6,8,None,Yes,No,Yes,Fiber Optic,No,No,No,Yes,No,No,No,Yes,One Year,No,Bank Withdrawal,75,75,0,0,28,102,Joined,Others,Others,1
56554-RAJ,Female,29,Yes,Rajasthan,0,11,Deal 5,Yes,No,No,None,No,No,No,No,No,No,No,No,Month-to-Month,Yes,Credit Card,20,20,0,0,10,30,Joined,Others,Others,1
86362-ASS,Female,35,Yes,Assam,15,11,None,Yes,No,Yes,Fiber Optic,No,No,No,Yes,No,No,No,Yes,Month-to-Month,Yes,Mailed Check,74,74,0,0,40,114,Joined,Others,Others,1
64327-AND,Female,59,Yes,Andhra Pradesh,8,9,None,Yes,No,No,None,No,No,No,No,No,No,No,No,Month-to-Month,Yes,Credit Card,21,21,0,0,35,56,Joined,Others,Others,1
84687-PUN,Female,31,No,Punjab,0,18,Deal 5,No,No,Yes,Cable,No,No,No,No,No,No,No,No,Month-to-Month,No,Credit Card,25,25,0,70,0,95,Joined,Others,Others,1
28239-UTT,Female,55,Yes,Uttar Pradesh,0,5,None,Yes,No,No,None,No,No,No,No,No,No,No,No,Month-to-Month,No,Credit Card,20,20,0,0,39,59,Joined,Others,Others,1
42574-ASS,Female,25,No,Assam,5,3,None,Yes,No,No,None,No,No,No,No,No,No,No,No,Month-to-Month,No,Credit Card,20,20,0,0,8,28,Joined,Others,Others,1
71261-TAM,Female,59,No,Tamil Nadu,2,27,None,Yes,No,Yes,Cable,Yes,Yes,No,Yes,No,Yes,Yes,Yes,Month-to-Month,Yes,Bank Withdrawal,70,70,0,0,20,91,Joined,Others,Others,1
14567-TAM,Male,43,No,Tamil Nadu,1,9,None,Yes,No,No,None,No,No,No,No,No,No,No,No,Month-to-Month,No,Credit Card,20,20,0,0,44,64,Joined,Others,Others,1
77688-TAM,Male,35,No,Tamil Nadu,4,13,None,Yes,No,Yes,DSL,No,No,No,Yes,No,No,No,Yes,Month-to-Month,No,Credit Card,49,49,0,0,49,98,Joined,Others,Others,1
53612-UTT,Female,39,Yes,Uttar Pradesh,8,34,None,Yes,No,No,None,No,No,No,No,No,No,No,No,Month-to-Month,No,Credit Card,21,72,0,0,35,107,Joined,Others,Others,1
13058-MAD,Female,58,No,Madhya Pradesh,13,22,None,Yes,No,Yes,DSL,No,No,No,No,No,No,No,Yes,Month-to-Month,Yes,Mailed Check,46,130,0,0,8,138,Joined,Others,Others,1
23729-UTT,Female,58,No,Uttar Pradesh,14,19,Deal 5,Yes,No,No,None,No,No,No,No,No,No,No,No,Month-to-Month,Yes,Credit Card,20,39,0,0,19,58,Joined,Others,Others,1
12136-RAJ,Female,25,Yes,Rajasthan,2,35,None,Yes,No,No,None,No,No,No,No,No,No,No,No,Month-to-Month,No,Bank Withdrawal,20,20,0,0,12,32,Joined,Others,Others,1
35658-JHA,Male,35,No,Jharkhand,2,16,None,Yes,No,No,None,No,No,No,No,No,No,No,No,Month-to-Month,No,Mailed Check,20,20,0,0,40,60,Joined,Others,Others,1
63487-MAH,Female,36,Yes,Maharashtra,8,34,None,Yes,No,Yes,Cable,No,No,No,No,No,No,No,Yes,Month-to-Month,No,Credit Card,45,45,0,0,41,86,Joined,Others,Others,1
86289-UTT,Male,27,No,Uttar Pradesh,4,27,None,Yes,No,No,None,No,No,No,No,No,No,No,No,Month-to-Month,No,Credit Card,20,20,0,0,29,49,Joined,Others,Others,1
32586-UTT,Female,25,No,Uttar Pradesh,15,10,None,Yes,Yes,No,None,No,No,No,No,No,No,No,No,Month-to-Month,Yes,Credit Card,-8,26,0,0,15,41,Joined,Others,Others,1
66749-KER,Female,47,No,Kerala,9,5,None,Yes,No,No,None,No,No,No,No,No,No,No,No,Month-to-Month,No,Credit Card,21,21,0,0,36,57,Joined,Others,Others,1
53295-WES,Female,35,No,West Bengal,7,33,Deal 5,Yes,Yes,No,None,No,No,No,No,No,No,No,No,Month-to-Month,Yes,Bank Withdrawal,26,26,0,0,44,70,Joined,Others,Others,1
15349-UTT,Male,47,Yes,Uttar Pradesh,9,12,Deal 5,Yes,Yes,Yes,DSL,No,No,No,No,No,No,No,Yes,Month-to-Month,Yes,Bank Withdrawal,50,50,0,0,40,90,Joined,Others,Others,1
28281-KAR,Male,56,Yes,Karnataka,8,32,Deal 5,Yes,No,Yes,Fiber Optic,No,No,No,No,No,Yes,Yes,Yes,Month-to-Month,Yes,Bank Withdrawal,80,254,0,0,149,403,Joined,Others,Others,1
88111-MAH,Female,52,Yes,Maharashtra,15,32,None,Yes,No,Yes,Fiber Optic,Yes,Yes,No,Yes,No,No,No,Yes,Month-to-Month,Yes,Credit Card,83,83,0,0,43,126,Joined,Others,Others,1
12490-TEL,Female,52,No,Telangana,9,6,None,Yes,No,Yes,Fiber Optic,No,No,Yes,No,No,No,No,Yes,Month-to-Month,Yes,Mailed Check,75,238,39,0,38,237,Joined,Others,Others,1
34024-AND,Female,45,Yes,Andhra Pradesh,4,21,None,Yes,No,No,None,No,No,No,No,No,No,No,No,Month-to-Month,No,Credit Card,20,20,0,0,8,28,Joined,Others,Others,1
71752-TEL,Female,51,No,Telangana,4,2,Deal 5,Yes,No,No,None,No,No,No,No,No,No,No,No,Month-to-Month,No,Bank Withdrawal,20,57,0,0,54,111,Joined,Others,Others,1
62968-UTT,Female,18,No,Uttar Pradesh,4,3,None,Yes,No,Yes,Cable,No,No,No,Yes,No,Yes,Yes,Yes,Month-to-Month,Yes,Credit Card,60,60,0,0,41,101,Joined,Others,Others,1
68826-MAH,Male,48,No,Maharashtra,14,1,None,No,No,Yes,Cable,No,No,No,No,No,No,No,No,Month-to-Month,Yes,Bank Withdrawal,25,25,0,0,0,25,Joined,Others,Others,1
36017-TAM,Female,52,Yes,Tamil Nadu,15,23,None,Yes,No,No,None,No,No,No,No,No,No,No,No,Month-to-Month,No,Credit Card,20,20,0,0,41,60,Joined,Others,Others,1
83610-BIH,Female,66,Yes,Bihar,0,11,Deal 5,Yes,No,Yes,Fiber Optic,No,No,Yes,No,No,No,No,Yes,Two Year,Yes,Bank Withdrawal,74,140,0,0,15,155,Joined,Others,Others,1
32563-KAR,Female,34,Yes,Karnataka,3,22,None,Yes,No,Yes,Fiber Optic,No,No,No,No,No,No,No,No,Month-to-Month,Yes,Bank Withdrawal,70,147,0,10,22,179,Joined,Others,Others,1
36284-ODI,Male,43,Yes,Odisha,4,13,None,Yes,No,Yes,DSL,No,No,No,No,No,No,No,Yes,Month-to-Month,No,Bank Withdrawal,45,45,0,0,41,86,Joined,Others,Others,1
46378-MAH,Female,59,Yes,Maharashtra,15,10,None,Yes,No,Yes,Fiber Optic,No,No,No,No,No,No,No,Yes,Month-to-Month,Yes,Credit Card,70,155,0,0,15,170,Joined,Others,Others,1
44202-TEL,Female,50,Yes,Telangana,9,14,None,Yes,No,Yes,Fiber Optic,No,No,No,No,No,No,No,Yes,Month-to-Month,Yes,Credit Card,70,70,0,0,11,81,Joined,Others,Others,1
17154-HAR,Male,32,No,Haryana,13,4,None,Yes,No,No,None,No,No,No,No,No,No,No,No,One Year,No,Mailed Check,19,19,0,0,44,62,Joined,Others,Others,1
19837-TAM,Female,57,Yes,Tamil Nadu,4,6,None,No,No,Yes,Cable,No,Yes,No,No,Yes,Yes,Yes,Yes,Month-to-Month,No,Bank Withdrawal,51,97,0,0,0,97,Joined,Others,Others,1
13666-UTT,Male,57,Yes,Uttarakhand,15,16,None,Yes,No,Yes,Fiber Optic,No,Yes,No,No,Yes,Yes,Yes,Yes,Month-to-Month,No,Bank Withdrawal,95,293,0,0,51,344,Joined,Others,Others,1
26412-ASS,Female,30,No,Assam,7,18,None,Yes,No,No,None,No,No,No,No,No,No,No,No,Month-to-Month,Yes,Bank Withdrawal,21,40,0,0,28,68,Joined,Others,Others,1
86891-GUJ,Male,25,No,Gujarat,7,5,None,Yes,No,No,None,No,No,No,No,No,No,No,No,Month-to-Month,No,Credit Card,20,20,0,0,18,38,Joined,Others,Others,1
34101-TAM,Female,41,No,Tamil Nadu,5,35,None,Yes,No,No,None,No,No,No,No,No,No,No,No,Month-to-Month,No,Bank Withdrawal,20,51,0,0,55,106,Joined,Others,Others,1
63464-AND,Male,48,No,Andhra Pradesh,7,5,None,Yes,No,Yes,DSL,No,No,No,Yes,No,Yes,Yes,Yes,Month-to-Month,No,Credit Card,61,197,0,0,67,264,Joined,Others,Others,1
92134-BIH,Male,24,No,Bihar,5,11,None,No,No,Yes,DSL,No,No,No,No,Yes,No,No,Yes,Month-to-Month,Yes,Credit Card,35,114,0,0,0,114,Joined,Others,Others,1
48051-GUJ,Female,49,Yes,Gujarat,0,36,None,No,No,Yes,DSL,No,No,No,No,No,No,No,Yes,One Year,No,Credit Card,26,26,0,0,0,26,Joined,Others,Others,1
19811-MAH,Female,35,Yes,Maharashtra,10,7,Deal 5,Yes,No,Yes,Fiber Optic,Yes,Yes,No,No,Yes,No,No,Yes,Month-to-Month,No,Bank Withdrawal,90,248,0,0,100,348,Joined,Others,Others,1
82473-AND,Male,63,Yes,Andhra Pradesh,10,1,Deal 5,No,No,Yes,DSL,No,Yes,No,No,No,No,No,Yes,Month-to-Month,No,Credit Card,30,94,0,0,0,94,Joined,Others,Others,1
89512-JAM,Male,57,No,Jammu & Kashmir,3,34,None,Yes,Yes,Yes,DSL,Yes,Yes,No,No,No,No,No,Yes,Month-to-Month,No,Bank Withdrawal,61,135,0,0,30,164,Joined,Others,Others,1
27553-UTT,Female,53,Yes,Uttar Pradesh,0,18,None,Yes,No,No,None,No,No,No,No,No,No,No,No,Month-to-Month,No,Credit Card,20,20,0,0,4,24,Joined,Others,Others,1
83196-UTT,Female,61,Yes,Uttar Pradesh,3,10,None,Yes,Yes,Yes,Fiber Optic,Yes,No,No,No,No,No,No,Yes,Month-to-Month,No,Credit Card,81,188,0,0,11,199,Joined,Others,Others,1
95735-PUN,Female,53,No,Punjab,10,21,None,Yes,No,No,None,No,No,No,No,No,No,No,No,Month-to-Month,No,Credit Card,19,48,0,0,42,91,Joined,Others,Others,1
52279-TAM,Male,53,No,Tamil Nadu,15,26,Deal 5,Yes,No,Yes,Fiber Optic,No,No,No,No,Yes,No,No,Yes,Month-to-Month,Yes,Bank Withdrawal,81,239,0,0,71,311,Joined,Others,Others,1
46004-TAM,Male,25,Yes,Tamil Nadu,1,6,None,Yes,No,Yes,DSL,No,No,No,Yes,Yes,Yes,Yes,Yes,Month-to-Month,No,Bank Withdrawal,-8,132,0,0,47,179,Joined,Others,Others,1
45672-TAM,Female,29,No,Tamil Nadu,0,2,None,Yes,No,No,None,No,No,No,No,No,No,No,No,Month-to-Month,No,Mailed Check,20,20,0,0,42,62,Joined,Others,Others,1
19541-ODI,Female,37,Yes,Odisha,15,14,Deal 5,Yes,No,Yes,Cable,No,No,No,No,No,No,No,Yes,Month-to-Month,Yes,Credit Card,45,74,0,0,79,153,Joined,Others,Others,1
79777-MAH,Male,77,Yes,Maharashtra,13,33,None,Yes,Yes,Yes,Fiber Optic,No,No,No,No,No,No,No,Yes,Month-to-Month,Yes,Mailed Check,73,154,0,0,30,185,Joined,Others,Others,1
95822-AND,Male,34,Yes,Andhra Pradesh,3,26,None,Yes,No,No,None,No,No,No,No,No,No,No,No,Month-to-Month,Yes,Credit Card,19,19,0,0,18,37,Joined,Others,Others,1
97828-MAH,Female,57,No,Maharashtra,0,12,Deal 5,Yes,No,Yes,Fiber Optic,No,No,No,No,Yes,Yes,Yes,Yes,Month-to-Month,Yes,Bank Withdrawal,92,267,0,0,47,314,Joined,Others,Others,1
54564-AND,Female,55,Yes,Andhra Pradesh,11,7,None,Yes,Yes,Yes,Fiber Optic,No,No,No,No,No,No,No,Yes,Month-to-Month,No,Bank Withdrawal,76,258,0,0,43,301,Joined,Others,Others,1
84720-GUJ,Male,55,Yes,Gujarat,11,6,None,Yes,No,No,None,No,No,No,No,No,No,No,No,Month-to-Month,No,Credit Card,19,19,0,0,33,52,Joined,Others,Others,1
39623-HAR,Female,85,No,Haryana,2,10,Deal 5,Yes,No,Yes,Fiber Optic,No,Yes,No,No,No,No,No,No,Month-to-Month,Yes,Bank Withdrawal,75,239,0,30,119,388,Joined,Others,Others,1
53186-HAR,Male,74,Yes,Haryana,10,2,Deal 5,Yes,No,Yes,DSL,No,No,No,No,No,No,No,Yes,One Year,No,Bank Withdrawal,45,45,0,0,12,57,Joined,Others,Others,1
82010-WES,Female,46,No,West Bengal,14,7,Deal 5,Yes,Yes,Yes,Fiber Optic,No,Yes,No,No,No,No,No,Yes,Month-to-Month,No,Bank Withdrawal,80,152,0,0,51,203,Joined,Others,Others,1
46865-PUN,Female,18,No,Punjab,11,1,Deal 5,Yes,Yes,Yes,Fiber Optic,No,Yes,No,No,No,No,No,Yes,Month-to-Month,Yes,Bank Withdrawal,79,145,0,0,57,202,Joined,Others,Others,1
99488-KAR,Male,50,Yes,Karnataka,10,31,None,No,No,Yes,DSL,No,No,No,No,No,No,No,Yes,Month-to-Month,No,Credit Card,24,24,0,0,0,24,Joined,Others,Others,1
73547-KAR,Female,43,Yes,Karnataka,13,16,None,Yes,Yes,Yes,Fiber Optic,No,No,No,No,Yes,No,No,Yes,Month-to-Month,Yes,Bank Withdrawal,84,134,0,0,44,179,Joined,Others,Others,1
12469-AND,Male,24,Yes,Andhra Pradesh,11,4,None,Yes,No,Yes,DSL,No,No,No,No,Yes,No,No,Yes,Month-to-Month,Yes,Credit Card,55,55,0,0,37,92,Joined,Others,Others,1
77137-MAH,Male,52,No,Maharashtra,1,8,Deal 5,Yes,No,Yes,DSL,No,No,No,No,No,No,No,Yes,Month-to-Month,Yes,Mailed Check,46,46,0,0,16,62,Joined,Others,Others,1
35075-PUN,Male,64,Yes,Punjab,5,9,None,Yes,No,Yes,Cable,No,No,Yes,Yes,No,No,No,Yes,Month-to-Month,No,Credit Card,55,55,0,0,15,70,Joined,Others,Others,1
61474-TEL,Male,52,Yes,Telangana,11,17,None,Yes,No,No,None,No,No,No,No,No,No,No,No,Month-to-Month,No,Credit Card,20,20,0,0,32,52,Joined,Others,Others,1
63883-KAR,Female,33,Yes,Karnataka,12,26,None,Yes,No,No,None,No,No,No,No,No,No,No,No,Month-to-Month,Yes,Mailed Check,20,42,0,0,94,137,Joined,Others,Others,1
19041-AND,Female,36,No,Andhra Pradesh,6,21,Deal 5,No,No,Yes,Cable,Yes,No,No,Yes,No,No,No,Yes,Month-to-Month,No,Credit Card,35,101,0,0,0,101,Joined,Others,Others,1
74378-KAR,Female,37,Yes,Karnataka,12,30,None,Yes,No,Yes,DSL,Yes,No,No,Yes,No,No,No,Yes,Month-to-Month,Yes,Credit Card,54,87,0,0,40,127,Joined,Others,Others,1
23605-MAH,Female,31,Yes,Maharashtra,1,19,None,Yes,No,No,None,No,No,No,No,No,No,No,No,Month-to-Month,No,Credit Card,21,21,0,0,8,28,Joined,Others,Others,1
22765-MAH,Female,40,Yes,Maharashtra,6,16,Deal 5,Yes,No,No,None,No,No,No,No,No,No,No,No,Month-to-Month,No,Bank Withdrawal,19,19,0,0,16,36,Joined,Others,Others,1
93521-MAH,Female,55,No,Maharashtra,6,35,None,Yes,No,Yes,DSL,No,No,No,Yes,No,No,No,No,Month-to-Month,Yes,Bank Withdrawal,-1,49,0,10,15,74,Joined,Others,Others,1
56460-MAH,Male,38,Yes,Maharashtra,12,23,Deal 5,Yes,No,Yes,Fiber Optic,No,No,No,No,No,No,No,No,Month-to-Month,No,Credit Card,-1,129,0,10,5,145,Joined,Others,Others,1
94305-KAR,Male,49,Yes,Karnataka,5,18,Deal 5,Yes,No,No,None,No,No,No,No,No,No,No,No,Month-to-Month,No,Bank Withdrawal,20,20,0,0,5,25,Joined,Others,Others,1
15591-KAR,Female,26,No,Karnataka,3,31,None,Yes,No,No,None,No,No,No,No,No,No,No,No,Month-to-Month,No,Credit Card,20,20,0,0,46,66,Joined,Others,Others,1
98334-MAD,Male,67,Yes,Madhya Pradesh,15,20,None,Yes,No,No,None,No,No,No,No,No,No,No,No,Month-to-Month,No,Bank Withdrawal,20,66,0,0,95,161,Joined,Others,Others,1
47737-UTT,Male,42,No,Uttar Pradesh,15,25,None,Yes,No,No,None,No,No,No,No,No,No,No,No,Month-to-Month,No,Credit Card,20,20,0,0,17,37,Joined,Others,Others,1
24696-BIH,Female,69,Yes,Bihar,0,20,Deal 5,Yes,No,Yes,DSL,No,No,No,No,No,No,No,Yes,Month-to-Month,No,Bank Withdrawal,44,85,0,0,38,123,Joined,Others,Others,1
18829-TAM,Female,49,Yes,Tamil Nadu,4,31,Deal 5,Yes,No,No,None,No,No,No,No,No,No,No,No,Month-to-Month,No,Credit Card,19,56,0,0,20,76,Joined,Others,Others,1
72391-UTT,Male,35,No,Uttar Pradesh,1,7,None,No,No,Yes,DSL,No,No,No,No,No,Yes,Yes,Yes,Month-to-Month,No,Bank Withdrawal,35,35,0,0,0,35,Joined,Others,Others,1
77230-RAJ,Female,59,Yes,Rajasthan,5,4,None,Yes,No,No,None,No,No,No,No,No,No,No,No,Month-to-Month,Yes,Bank Withdrawal,20,31,0,0,16,47,Joined,Others,Others,1
52403-WES,Female,66,Yes,West Bengal,9,6,None,Yes,No,Yes,Fiber Optic,No,No,No,No,No,No,No,No,Two Year,Yes,Bank Withdrawal,71,71,0,10,18,99,Joined,Others,Others,1
19998-AND,Female,18,No,Andhra Pradesh,0,2,Deal 5,Yes,No,Yes,Fiber Optic,No,No,Yes,No,No,Yes,Yes,Yes,Month-to-Month,No,Credit Card,86,257,0,0,90,346,Joined,Others,Others,1
36483-KAR,Male,42,No,Karnataka,2,14,None,Yes,No,No,None,No,No,No,No,No,No,No,No,Month-to-Month,No,Credit Card,20,20,0,0,16,36,Joined,Others,Others,1
54598-TAM,Male,59,No,Tamil Nadu,11,32,None,Yes,No,No,None,No,No,No,No,No,No,No,No,Month-to-Month,No,Credit Card,20,39,0,0,4,43,Joined,Others,Others,1
66669-HAR,Male,44,No,Haryana,12,32,Deal 5,Yes,No,Yes,Cable,No,No,No,No,No,No,No,Yes,Month-to-Month,Yes,Bank Withdrawal,44,44,0,0,31,75,Joined,Others,Others,1
33773-UTT,Male,58,Yes,Uttar Pradesh,3,6,Deal 5,Yes,No,No,None,No,No,No,No,No,No,No,No,Month-to-Month,No,Credit Card,21,21,0,0,1,22,Joined,Others,Others,1
43877-PUN,Male,23,No,Punjab,6,3,None,Yes,No,Yes,DSL,No,No,Yes,No,No,Yes,Yes,Yes,Month-to-Month,No,Bank Withdrawal,61,111,0,0,31,142,Joined,Others,Others,1
16764-WES,Male,40,No,West Bengal,15,13,Deal 5,Yes,No,No,None,No,No,No,No,No,No,No,No,Month-to-Month,No,Credit Card,21,21,0,0,48,69,Joined,Others,Others,1
95991-MAD,Female,37,Yes,Madhya Pradesh,0,32,None,Yes,No,Yes,Cable,No,No,No,Yes,No,No,No,Yes,Month-to-Month,Yes,Credit Card,50,152,0,0,85,237,Joined,Others,Others,1
56256-UTT,Male,40,No,Uttar Pradesh,14,15,None,Yes,No,Yes,Fiber Optic,No,No,No,No,No,No,No,Yes,Month-to-Month,Yes,Credit Card,70,220,0,0,29,250,Joined,Others,Others,1
32587-UTT,Female,30,No,Uttar Pradesh,1,27,None,Yes,No,Yes,Cable,No,No,No,No,No,No,No,Yes,Month-to-Month,No,Credit Card,45,142,0,0,61,203,Joined,Others,Others,1
86970-KER,Male,57,Yes,Kerala,2,9,None,Yes,No,Yes,DSL,No,Yes,No,No,No,No,No,No,Month-to-Month,No,Bank Withdrawal,50,50,0,30,17,96,Joined,Others,Others,1
66766-UTT,Female,38,No,Uttar Pradesh,6,10,Deal 5,Yes,Yes,Yes,Fiber Optic,No,No,No,No,No,No,No,Yes,Month-to-Month,Yes,Bank Withdrawal,75,212,28,0,5,190,Joined,Others,Others,1
34713-KER,Male,58,Yes,Kerala,1,29,Deal 5,Yes,Yes,Yes,Fiber Optic,Yes,No,No,No,No,Yes,Yes,Yes,Month-to-Month,No,Credit Card,91,175,0,0,54,229,Joined,Others,Others,1
82170-TAM,Male,41,No,Tamil Nadu,5,29,None,Yes,No,Yes,DSL,No,No,No,No,No,No,No,Yes,Month-to-Month,No,Mailed Check,45,45,0,0,45,90,Joined,Others,Others,1
74033-ASS,Female,45,Yes,Assam,15,20,None,No,No,Yes,Cable,No,No,No,No,No,No,No,Yes,Month-to-Month,No,Bank Withdrawal,25,25,0,0,0,25,Joined,Others,Others,1
32966-HAR,Female,23,No,Haryana,3,7,None,Yes,No,No,None,No,No,No,No,No,No,No,No,Month-to-Month,No,Bank Withdrawal,19,19,0,0,26,46,Joined,Others,Others,1
94124-MAH,Female,21,No,Maharashtra,9,8,None,Yes,No,Yes,Fiber Optic,No,No,No,No,Yes,No,No,Yes,Month-to-Month,Yes,Bank Withdrawal,80,174,0,0,75,250,Joined,Others,Others,1
13823-TEL,Female,31,Yes,Telangana,1,28,Deal 5,No,No,Yes,DSL,No,No,No,No,No,No,No,Yes,Month-to-Month,No,Bank Withdrawal,25,46,0,0,0,46,Joined,Others,Others,1
57457-MAD,Female,46,No,Madhya Pradesh,14,34,None,Yes,No,No,None,No,No,No,No,No,No,No,No,Month-to-Month,No,Mailed Check,20,38,0,0,69,107,Joined,Others,Others,1
96967-CHH,Female,33,No,Chhattisgarh,5,8,None,Yes,No,Yes,Fiber Optic,No,No,No,No,Yes,Yes,Yes,Yes,Month-to-Month,Yes,Bank Withdrawal,89,89,0,0,5,95,Joined,Others,Others,1
71210-WES,Female,58,No,West Bengal,15,28,None,Yes,No,No,None,No,No,No,No,No,No,No,No,Month-to-Month,No,Credit Card,20,20,0,0,29,49,Joined,Others,Others,1
53764-WES,Male,36,No,West Bengal,10,23,None,No,No,Yes,Cable,No,No,No,No,No,No,No,Yes,Month-to-Month,Yes,Credit Card,25,25,0,0,0,25,Joined,Others,Others,1
39128-PUN,Male,36,No,Punjab,15,22,Deal 5,Yes,No,Yes,DSL,No,No,No,No,No,No,No,No,Month-to-Month,Yes,Bank Withdrawal,45,45,0,10,19,73,Joined,Others,Others,1
65405-MAH,Female,65,Yes,Maharashtra,7,18,None,Yes,No,No,None,No,No,No,No,No,No,No,No,One Year,No,Mailed Check,20,71,0,0,4,76,Joined,Others,Others,1
87024-KAR,Male,58,No,Karnataka,14,8,Deal 5,Yes,No,Yes,Fiber Optic,No,No,No,No,No,No,No,Yes,Month-to-Month,Yes,Credit Card,71,158,0,0,13,171,Joined,Others,Others,1
99855-MAH,Female,50,Yes,Maharashtra,5,29,None,Yes,No,Yes,Fiber Optic,No,No,No,No,No,No,No,Yes,Month-to-Month,Yes,Bank Withdrawal,70,135,0,0,31,167,Joined,Others,Others,1
39866-MAH,Female,24,No,Maharashtra,1,12,Deal 5,Yes,No,Yes,DSL,No,No,No,No,No,No,No,No,Month-to-Month,No,Bank Withdrawal,46,84,0,10,84,178,Joined,Others,Others,1
97427-JAM,Female,27,Yes,Jammu & Kashmir,9,2,Deal 5,Yes,No,No,None,No,No,No,No,No,No,No,No,Month-to-Month,Yes,Credit Card,20,20,0,0,30,50,Joined,Others,Others,1
92527-KAR,Female,40,No,Karnataka,7,16,None,Yes,No,No,None,No,No,No,No,No,No,No,No,Month-to-Month,Yes,Credit Card,20,20,0,0,3,23,Joined,Others,Others,1
57012-TAM,Female,78,Yes,Tamil Nadu,11,29,Deal 5,Yes,No,Yes,DSL,No,No,No,No,No,No,No,Yes,Two Year,No,Bank Withdrawal,45,45,0,0,49,95,Joined,Others,Others,1
46190-GUJ,Male,27,Yes,Gujarat,0,36,Deal 5,Yes,No,Yes,DSL,No,No,No,No,No,Yes,Yes,No,Month-to-Month,No,Mailed Check,56,56,0,30,33,119,Joined,Others,Others,1
36628-GUJ,Female,44,Yes,Gujarat,7,1,Deal 5,Yes,No,Yes,Fiber Optic,Yes,No,No,Yes,No,No,No,Yes,Month-to-Month,Yes,Bank Withdrawal,80,195,0,0,53,248,Joined,Others,Others,1
46730-ASS,Female,18,No,Assam,5,4,Deal 5,Yes,No,Yes,Fiber Optic,No,Yes,No,No,No,No,No,Yes,Month-to-Month,Yes,Bank Withdrawal,75,145,0,0,87,232,Joined,Others,Others,1
47492-AND,Female,30,Yes,Andhra Pradesh,15,24,Deal 5,Yes,No,No,None,No,No,No,No,No,No,No,No,Month-to-Month,Yes,Bank Withdrawal,20,20,0,0,19,39,Joined,Others,Others,1
44700-DEL,Female,48,No,Delhi,10,19,Deal 5,Yes,Yes,Yes,Fiber Optic,No,No,No,No,Yes,No,No,No,Month-to-Month,Yes,Bank Withdrawal,85,85,0,0,7,92,Joined,Others,Others,1
25517-RAJ,Female,40,No,Rajasthan,4,10,None,Yes,Yes,Yes,Fiber Optic,No,No,Yes,No,Yes,No,No,No,Month-to-Month,Yes,Bank Withdrawal,91,171,0,10,99,280,Joined,Others,Others,1
25733-HAR,Female,80,No,Haryana,8,33,Deal 5,Yes,No,Yes,Fiber Optic,No,No,Yes,No,Yes,Yes,No,No,One Year,Yes,Credit Card,96,182,0,10,66,258,Joined,Others,Others,1
79342-KAR,Female,39,Yes,Karnataka,5,22,None,Yes,No,Yes,DSL,Yes,No,No,Yes,Yes,No,No,Yes,Month-to-Month,Yes,Credit Card,64,196,0,0,114,310,Joined,Others,Others,1
74804-WES,Female,46,No,West Bengal,0,5,None,Yes,No,Yes,Fiber Optic,No,No,No,No,No,No,No,No,Month-to-Month,Yes,Credit Card,70,207,0,20,87,314,Joined,Others,Others,1
45561-MAH,Female,44,Yes,Maharashtra,6,7,Deal 5,Yes,No,No,None,No,No,No,No,No,No,No,No,Month-to-Month,Yes,Mailed Check,20,41,0,0,87,127,Joined,Others,Others,1
28681-HAR,Female,33,No,Haryana,4,2,None,Yes,No,Yes,Fiber Optic,No,No,Yes,No,No,No,No,Yes,Month-to-Month,No,Bank Withdrawal,76,76,0,0,7,83,Joined,Others,Others,1
36339-UTT,Female,54,No,Uttar Pradesh,14,7,Deal 5,Yes,No,No,None,No,No,No,No,No,No,No,No,Month-to-Month,Yes,Credit Card,20,46,0,0,124,170,Joined,Others,Others,1
73108-GUJ,Female,38,Yes,Gujarat,6,12,None,Yes,No,No,None,No,No,No,No,No,No,No,No,Month-to-Month,No,Credit Card,20,37,0,0,32,68,Joined,Others,Others,1
86703-WES,Female,54,Yes,West Bengal,14,35,Deal 5,Yes,No,No,None,No,No,No,No,No,No,No,No,Month-to-Month,No,Bank Withdrawal,21,21,0,0,1,22,Joined,Others,Others,1
92494-MAH,Female,39,Yes,Maharashtra,11,19,None,Yes,No,Yes,Fiber Optic,Yes,Yes,No,No,Yes,No,No,No,Month-to-Month,Yes,Bank Withdrawal,91,169,0,10,94,272,Joined,Others,Others,1
79427-KAR,Male,67,Yes,Karnataka,12,21,Deal 5,Yes,No,Yes,Fiber Optic,No,No,No,No,No,No,No,Yes,Month-to-Month,No,Bank Withdrawal,70,142,0,0,70,212,Joined,Others,Others,1
26448-BIH,Female,57,No,Bihar,10,21,Deal 5,Yes,No,Yes,DSL,No,Yes,No,Yes,Yes,Yes,Yes,Yes,Month-to-Month,Yes,Bank Withdrawal,75,244,0,0,117,361,Joined,Others,Others,1
81118-MAD,Female,31,No,Madhya Pradesh,1,13,None,Yes,No,Yes,Cable,No,No,No,No,No,No,No,Yes,Month-to-Month,Yes,Credit Card,46,46,0,0,14,59,Joined,Others,Others,1
83308-TAM,Male,40,No,Tamil Nadu,5,14,None,No,No,Yes,DSL,No,Yes,No,No,No,No,No,Yes,Month-to-Month,No,Mailed Check,30,90,0,0,0,90,Joined,Others,Others,1
82559-CHH,Male,34,Yes,Chhattisgarh,0,33,Deal 5,Yes,No,Yes,DSL,No,Yes,No,Yes,No,Yes,Yes,No,Month-to-Month,Yes,Credit Card,64,144,0,30,9,182,Joined,Others,Others,1
96430-PUN,Male,37,No,Punjab,0,23,None,Yes,No,Yes,DSL,Yes,No,No,No,No,No,No,Yes,Month-to-Month,Yes,Credit Card,49,49,0,0,26,75,Joined,Others,Others,1
82118-JAM,Female,69,Yes,Jammu & Kashmir,3,6,Deal 5,No,No,Yes,Cable,No,No,No,No,No,No,No,Yes,Month-to-Month,No,Mailed Check,24,24,0,0,0,24,Joined,Others,Others,1
61203-PUN,Female,19,No,Punjab,11,11,None,Yes,Yes,Yes,Cable,No,No,No,Yes,Yes,No,No,Yes,Month-to-Month,No,Bank Withdrawal,65,174,0,0,123,297,Joined,Others,Others,1
58577-ODI,Female,44,Yes,Odisha,7,36,Deal 5,Yes,No,Yes,DSL,No,No,No,No,No,No,No,Yes,Month-to-Month,Yes,Credit Card,46,106,0,0,11,117,Joined,Others,Others,1
43908-WES,Male,36,No,West Bengal,3,25,None,Yes,No,Yes,Fiber Optic,No,No,No,No,No,No,No,Yes,Month-to-Month,No,Bank Withdrawal,70,139,0,0,90,229,Joined,Others,Others,1
47611-WES,Male,25,No,West Bengal,4,31,None,Yes,No,Yes,DSL,No,No,No,No,No,Yes,Yes,No,Month-to-Month,Yes,Bank Withdrawal,55,55,0,60,39,154,Joined,Others,Others,1
95594-TAM,Female,64,No,Tamil Nadu,4,1,None,Yes,No,Yes,DSL,No,No,No,No,No,No,No,Yes,Month-to-Month,No,Bank Withdrawal,44,44,0,0,16,60,Joined,Others,Others,1
55043-UTT,Male,43,Yes,Uttar Pradesh,8,17,None,Yes,No,Yes,Fiber Optic,No,No,No,No,No,No,No,No,Month-to-Month,Yes,Bank Withdrawal,70,70,0,10,9,89,Joined,Others,Others,1
43604-TAM,Female,18,No,Tamil Nadu,14,7,Deal 5,Yes,No,No,None,No,No,No,No,No,No,No,No,One Year,No,Mailed Check,20,20,0,0,23,43,Joined,Others,Others,1
52695-UTT,Female,52,No,Uttar Pradesh,14,34,None,Yes,No,No,None,No,No,No,No,No,No,No,No,Month-to-Month,No,Credit Card,20,35,0,0,5,40,Joined,Others,Others,1
89303-AND,Male,51,No,Andhra Pradesh,6,11,Deal 5,Yes,No,Yes,Fiber Optic,No,No,No,No,No,No,No,Yes,Month-to-Month,No,Credit Card,70,144,0,0,58,202,Joined,Others,Others,1
19747-WES,Female,47,No,West Bengal,15,19,Deal 5,Yes,No,Yes,DSL,Yes,No,No,Yes,No,Yes,Yes,No,Month-to-Month,Yes,Bank Withdrawal,65,177,0,60,119,356,Joined,Others,Others,1
25048-TEL,Male,47,No,Telangana,15,9,Deal 5,Yes,Yes,No,None,No,No,No,No,No,No,No,No,Month-to-Month,No,Credit Card,24,24,0,0,33,57,Joined,Others,Others,1
79700-KER,Female,53,No,Kerala,5,30,None,Yes,Yes,Yes,Fiber Optic,No,Yes,Yes,No,Yes,Yes,Yes,Yes,Month-to-Month,No,Mailed Check,108,314,0,0,143,456,Joined,Others,Others,1
36323-UTT,Female,48,No,Uttar Pradesh,14,11,None,Yes,No,No,None,No,No,No,No,No,No,No,No,One Year,No,Bank Withdrawal,21,38,0,0,62,100,Joined,Others,Others,1
45771-KAR,Female,50,No,Karnataka,3,7,None,Yes,No,Yes,DSL,No,No,No,No,No,No,No,Yes,Month-to-Month,No,Credit Card,44,44,0,0,23,68,Joined,Others,Others,1
27561-UTT,Female,19,No,Uttar Pradesh,6,10,Deal 5,Yes,No,No,None,No,No,No,No,No,No,No,No,Month-to-Month,Yes,Credit Card,20,20,0,0,47,68,Joined,Others,Others,1
21247-ASS,Male,58,Yes,Assam,2,2,None,Yes,No,No,None,No,No,No,No,No,No,No,No,Month-to-Month,Yes,Credit Card,20,20,0,0,8,28,Joined,Others,Others,1
87077-TAM,Male,62,Yes,Tamil Nadu,3,21,Deal 5,Yes,No,Yes,Cable,No,No,Yes,No,Yes,Yes,Yes,Yes,Month-to-Month,No,Credit Card,69,148,0,0,55,203,Joined,Others,Others,1
17250-HAR,Female,23,Yes,Haryana,12,2,None,Yes,No,Yes,DSL,No,Yes,No,No,No,No,No,Yes,Month-to-Month,No,Credit Card,49,97,0,0,82,179,Joined,Others,Others,1
89382-ASS,Male,56,No,Assam,5,29,Deal 5,No,No,Yes,DSL,No,No,No,Yes,No,No,No,Yes,Month-to-Month,Yes,Bank Withdrawal,30,97,0,0,0,97,Joined,Others,Others,1
16032-AND,Female,47,No,Andhra Pradesh,8,18,None,Yes,No,Yes,DSL,No,No,No,No,No,No,No,Yes,Month-to-Month,Yes,Bank Withdrawal,47,88,0,0,4,92,Joined,Others,Others,1
47957-GUJ,Female,26,No,Gujarat,4,2,Deal 5,Yes,No,No,None,No,No,No,No,No,No,No,No,Month-to-Month,Yes,Credit Card,20,20,0,0,42,63,Joined,Others,Others,1
49201-GUJ,Female,37,No,Gujarat,11,30,None,No,No,Yes,DSL,Yes,No,No,No,No,No,No,Yes,Month-to-Month,No,Credit Card,30,30,0,0,0,30,Joined,Others,Others,1
74979-MAD,Female,49,Yes,Madhya Pradesh,10,14,Deal 5,No,No,Yes,Cable,No,No,No,Yes,No,No,No,Yes,Month-to-Month,No,Bank Withdrawal,29,45,0,0,0,45,Joined,Others,Others,1
54172-RAJ,Female,64,Yes,Rajasthan,0,9,Deal 5,Yes,Yes,Yes,DSL,No,Yes,No,No,No,No,No,Yes,Month-to-Month,Yes,Credit Card,57,118,0,0,63,182,Joined,Others,Others,1
83080-HAR,Female,54,No,Haryana,9,4,None,Yes,No,Yes,Fiber Optic,No,No,No,No,No,No,No,Yes,Month-to-Month,Yes,Bank Withdrawal,70,194,0,0,17,211,Joined,Others,Others,1
41795-UTT,Female,58,No,Uttar Pradesh,5,10,None,Yes,No,No,None,No,No,No,No,No,No,No,No,Month-to-Month,No,Credit Card,20,20,0,0,41,61,Joined,Others,Others,1
16733-ODI,Female,76,Yes,Odisha,10,1,None,Yes,No,Yes,DSL,No,No,No,No,No,No,No,Yes,Month-to-Month,Yes,Credit Card,46,46,0,0,40,86,Joined,Others,Others,1
25763-JHA,Female,47,Yes,Jharkhand,9,3,Deal 5,Yes,No,Yes,Cable,No,No,No,No,No,No,No,Yes,Month-to-Month,No,Bank Withdrawal,44,44,0,0,10,54,Joined,Others,Others,1
28266-JAM,Male,32,No,Jammu & Kashmir,6,1,None,No,No,Yes,DSL,No,No,No,No,No,No,No,Yes,Month-to-Month,No,Credit Card,25,25,0,0,0,25,Joined,Others,Others,1
67994-MAD,Male,75,Yes,Madhya Pradesh,12,33,Deal 5,Yes,No,Yes,DSL,No,No,No,No,No,No,No,Yes,Two Year,No,Bank Withdrawal,46,46,0,0,12,58,Joined,Others,Others,1
12340-DEL,Female,51,Yes,Delhi,0,10,None,Yes,No,Yes,Cable,No,No,No,No,Yes,Yes,Yes,Yes,Month-to-Month,Yes,Credit Card,63,63,0,0,42,105,Joined,Others,Others,1
31476-TEL,Male,42,Yes,Telangana,5,33,Deal 5,Yes,No,No,None,No,No,No,No,No,No,No,No,Month-to-Month,No,Credit Card,20,20,0,0,27,47,Joined,Others,Others,1
31918-KAR,Female,37,No,Karnataka,15,34,None,No,No,Yes,Cable,Yes,No,Yes,Yes,No,No,No,Yes,Month-to-Month,No,Credit Card,41,107,0,0,0,107,Joined,Others,Others,1
66413-TAM,Female,53,No,Tamil Nadu,12,4,None,Yes,No,Yes,Fiber Optic,No,No,No,No,Yes,No,No,No,Month-to-Month,Yes,Bank Withdrawal,81,232,0,0,81,313,Joined,Others,Others,1
97615-MAH,Female,23,Yes,Maharashtra,11,10,Deal 5,Yes,No,No,None,No,No,No,No,No,No,No,No,Month-to-Month,No,Credit Card,20,20,0,0,41,61,Joined,Others,Others,1
42089-MAH,Female,32,No,Maharashtra,2,34,Deal 5,Yes,No,No,None,No,No,No,No,No,No,No,No,Month-to-Month,No,Credit Card,21,58,0,0,115,173,Joined,Others,Others,1
64095-BIH,Male,27,No,Bihar,2,17,None,Yes,No,No,None,No,No,No,No,No,No,No,No,One Year,Yes,Bank Withdrawal,-3,20,0,0,45,65,Joined,Others,Others,1
75671-PUD,Female,34,Yes,Puducherry,8,13,None,Yes,No,Yes,Cable,No,No,No,No,No,No,No,Yes,Month-to-Month,Yes,Bank Withdrawal,45,81,0,0,22,103,Joined,Others,Others,1
29525-TAM,Female,50,Yes,Tamil Nadu,9,3,Deal 5,No,No,Yes,DSL,No,No,No,No,No,No,No,Yes,Month-to-Month,No,Credit Card,25,78,0,0,0,78,Joined,Others,Others,1
18415-KAR,Female,33,Yes,Karnataka,7,36,None,Yes,No,No,None,No,No,No,No,No,No,No,No,Month-to-Month,No,Mailed Check,19,19,0,0,5,24,Joined,Others,Others,1
35635-TEL,Female,26,Yes,Telangana,10,5,None,Yes,No,No,None,No,No,No,No,No,No,No,No,Month-to-Month,No,Mailed Check,20,20,0,0,18,38,Joined,Others,Others,1
67752-MAH,Female,28,No,Maharashtra,0,24,None,Yes,No,Yes,Cable,No,No,No,No,No,No,No,Yes,Month-to-Month,No,Credit Card,45,45,0,0,47,93,Joined,Others,Others,1
51961-BIH,Male,47,No,Bihar,9,25,Deal 5,Yes,No,Yes,DSL,Yes,No,No,No,No,No,No,Yes,Month-to-Month,No,Credit Card,51,123,0,0,74,197,Joined,Others,Others,1
23632-HAR,Female,37,Yes,Haryana,2,16,Deal 5,Yes,No,Yes,Fiber Optic,Yes,No,No,No,Yes,Yes,Yes,Yes,Month-to-Month,No,Bank Withdrawal,97,184,0,0,79,263,Joined,Others,Others,1
38920-PUN,Female,50,No,Punjab,8,7,None,Yes,No,Yes,Cable,No,No,No,No,No,No,No,No,Month-to-Month,Yes,Bank Withdrawal,44,44,0,10,16,70,Joined,Others,Others,1
51597-MAD,Female,26,Yes,Madhya Pradesh,10,18,None,Yes,No,No,None,No,No,No,No,No,No,No,No,Month-to-Month,No,Credit Card,20,20,0,0,2,21,Joined,Others,Others,1
88107-JAM,Female,58,No,Jammu & Kashmir,10,34,None,No,No,Yes,DSL,No,No,No,Yes,No,No,No,No,Month-to-Month,No,Credit Card,31,31,0,40,0,71,Joined,Others,Others,1
86315-TAM,Female,54,No,Tamil Nadu,6,13,Deal 5,Yes,No,No,None,No,No,No,No,No,No,No,No,Month-to-Month,No,Bank Withdrawal,21,21,0,0,2,23,Joined,Others,Others,1
84577-TEL,Female,59,Yes,Telangana,11,29,None,Yes,No,Yes,Cable,No,Yes,No,No,Yes,No,No,Yes,Month-to-Month,Yes,Bank Withdrawal,59,114,0,0,54,168,Joined,Others,Others,1
23855-MAH,Female,53,Yes,Maharashtra,13,9,None,Yes,No,Yes,DSL,No,No,No,No,No,No,No,Yes,Month-to-Month,No,Bank Withdrawal,45,111,0,0,10,121,Joined,Others,Others,1
43297-MAH,Male,60,No,Maharashtra,12,18,None,Yes,No,Yes,Cable,No,No,No,Yes,No,No,No,No,Month-to-Month,Yes,Credit Card,50,109,0,10,13,132,Joined,Others,Others,1
59750-AND,Female,49,Yes,Andhra Pradesh,11,4,None,Yes,Yes,Yes,Fiber Optic,No,No,No,No,No,No,No,Yes,Month-to-Month,Yes,Credit Card,75,136,0,0,82,218,Joined,Others,Others,1
83050-PUN,Female,25,Yes,Punjab,7,20,None,Yes,No,No,None,No,No,No,No,No,No,No,No,One Year,No,Credit Card,20,35,0,0,92,127,Joined,Others,Others,1
93700-MAH,Female,57,No,Maharashtra,8,20,Deal 5,Yes,No,Yes,Cable,Yes,No,No,No,No,No,No,Yes,Month-to-Month,Yes,Credit Card,51,51,0,0,38,89,Joined,Others,Others,1
86369-BIH,Female,59,No,Bihar,1,2,Deal 5,Yes,Yes,Yes,DSL,No,Yes,No,No,No,No,No,No,Month-to-Month,No,Bank Withdrawal,54,54,0,10,34,98,Joined,Others,Others,1
62359-AND,Female,48,Yes,Andhra Pradesh,5,24,Deal 5,No,No,Yes,Cable,No,Yes,No,Yes,No,No,No,No,Month-to-Month,No,Credit Card,34,34,0,50,0,84,Joined,Others,Others,1
81763-DEL,Male,36,Yes,Delhi,7,7,None,Yes,No,Yes,Fiber Optic,Yes,No,Yes,No,No,No,No,Yes,Month-to-Month,Yes,Bank Withdrawal,80,137,0,0,71,208,Joined,Others,Others,1
89188-KAR,Female,26,Yes,Karnataka,3,9,None,Yes,No,No,None,No,No,No,No,No,No,No,No,Month-to-Month,Yes,Mailed Check,21,34,0,0,33,67,Joined,Others,Others,1
83939-AND,Female,42,No,Andhra Pradesh,8,27,None,Yes,No,No,None,No,No,No,No,No,No,No,No,Month-to-Month,No,Bank Withdrawal,20,43,0,0,66,109,Joined,Others,Others,1
55757-KAR,Female,32,Yes,Karnataka,2,9,Deal 5,Yes,No,Yes,Cable,No,No,Yes,Yes,No,No,No,Yes,Month-to-Month,Yes,Mailed Check,56,155,0,0,13,167,Joined,Others,Others,1
98767-WES,Female,26,No,West Bengal,14,7,None,Yes,No,No,None,No,No,No,No,No,No,No,No,Month-to-Month,No,Credit Card,20,20,0,0,11,31,Joined,Others,Others,1
44208-AND,Female,25,Yes,Andhra Pradesh,2,20,None,Yes,Yes,Yes,DSL,No,Yes,Yes,No,Yes,No,No,No,Month-to-Month,Yes,Bank Withdrawal,69,235,0,0,73,308,Joined,Others,Others,1
32375-UTT,Female,23,Yes,Uttar Pradesh,1,3,None,Yes,No,No,None,No,No,No,No,No,No,No,No,Month-to-Month,No,Mailed Check,21,21,0,0,10,31,Joined,Others,Others,1
28237-JHA,Female,52,No,Jharkhand,7,9,Deal 5,Yes,No,Yes,Fiber Optic,No,No,No,No,No,No,No,Yes,Month-to-Month,Yes,Bank Withdrawal,70,200,0,0,104,304,Joined,Others,Others,1
21642-TEL,Male,60,Yes,Telangana,12,29,None,Yes,No,Yes,DSL,Yes,No,No,Yes,No,No,No,Yes,Month-to-Month,No,Bank Withdrawal,55,55,0,0,33,88,Joined,Others,Others,1
46081-TAM,Male,41,Yes,Tamil Nadu,14,29,None,Yes,No,Yes,DSL,No,No,No,No,No,No,No,Yes,Month-to-Month,No,Credit Card,45,45,0,0,42,87,Joined,Others,Others,1
13744-AND,Female,41,Yes,Andhra Pradesh,8,3,Deal 5,Yes,No,No,None,No,No,No,No,No,No,No,No,Month-to-Month,Yes,Bank Withdrawal,20,20,0,0,14,34,Joined,Others,Others,1
71234-HAR,Female,44,No,Haryana,10,34,None,Yes,No,No,None,No,No,No,No,No,No,No,No,Month-to-Month,Yes,Credit Card,19,19,0,0,24,43,Joined,Others,Others,1
15803-UTT,Female,34,No,Uttar Pradesh,6,31,None,Yes,No,No,None,No,No,No,No,No,No,No,No,Month-to-Month,No,Credit Card,19,19,0,0,22,42,Joined,Others,Others,1
41427-HAR,Male,37,No,Haryana,13,13,Deal 5,Yes,No,No,None,No,No,No,No,No,No,No,No,Month-to-Month,No,Bank Withdrawal,20,20,0,0,24,45,Joined,Others,Others,1
31294-KAR,Male,50,Yes,Karnataka,15,33,Deal 5,Yes,No,Yes,DSL,Yes,No,No,No,No,No,No,Yes,Month-to-Month,No,Bank Withdrawal,50,50,0,0,42,92,Joined,Others,Others,1
33621-MAD,Female,42,No,Madhya Pradesh,13,12,Deal 5,Yes,No,Yes,Fiber Optic,No,No,No,No,No,No,No,No,Month-to-Month,Yes,Bank Withdrawal,70,120,0,20,15,156,Joined,Others,Others,1
77658-AND,Male,44,No,Andhra Pradesh,0,4,Deal 5,No,No,Yes,DSL,No,No,No,No,No,No,No,Yes,Month-to-Month,Yes,Bank Withdrawal,24,24,0,0,0,24,Joined,Others,Others,1
13123-BIH,Female,46,No,Bihar,13,18,Deal 5,Yes,No,Yes,Fiber Optic,Yes,Yes,No,No,Yes,Yes,Yes,No,Month-to-Month,No,Bank Withdrawal,100,199,0,10,45,254,Joined,Others,Others,1
42864-ODI,Female,29,No,Odisha,2,10,Deal 5,No,No,Yes,DSL,No,Yes,No,No,No,No,No,Yes,Month-to-Month,Yes,Mailed Check,30,64,0,0,0,64,Joined,Others,Others,1
51751-KER,Female,62,No,Kerala,9,25,None,Yes,No,Yes,Fiber Optic,No,No,No,No,No,No,No,Yes,Month-to-Month,Yes,Bank Withdrawal,70,124,0,0,68,191,Joined,Others,Others,1
76419-KAR,Male,46,Yes,Karnataka,14,28,None,Yes,Yes,Yes,Fiber Optic,No,No,No,No,Yes,Yes,Yes,Yes,Month-to-Month,No,Bank Withdrawal,95,273,0,0,9,282,Joined,Others,Others,1
39332-TEL,Female,44,Yes,Telangana,6,8,None,Yes,No,Yes,Fiber Optic,No,No,No,No,Yes,No,No,No,Month-to-Month,Yes,Bank Withdrawal,81,81,0,60,6,146,Joined,Others,Others,1
49304-KAR,Female,32,Yes,Karnataka,6,33,None,Yes,Yes,Yes,DSL,No,No,No,No,No,No,No,Yes,Month-to-Month,Yes,Credit Card,50,50,0,0,4,54,Joined,Others,Others,1
31129-AND,Male,68,No,Andhra Pradesh,15,15,None,Yes,No,Yes,Fiber Optic,No,No,No,No,No,No,No,No,Month-to-Month,Yes,Bank Withdrawal,70,70,0,10,14,95,Joined,Others,Others,1
99475-KAR,Male,22,Yes,Karnataka,11,11,None,Yes,No,Yes,DSL,No,Yes,No,No,No,No,No,Yes,Month-to-Month,No,Credit Card,52,106,0,0,37,143,Joined,Others,Others,1
55831-TAM,Male,43,No,Tamil Nadu,11,13,Deal 5,Yes,No,No,None,No,No,No,No,No,No,No,No,Month-to-Month,No,Mailed Check,20,58,0,0,15,74,Joined,Others,Others,1
92228-BIH,Female,22,Yes,Bihar,10,9,None,No,No,Yes,Cable,No,No,No,No,No,No,No,Yes,Month-to-Month,Yes,Credit Card,25,25,0,0,0,25,Joined,Others,Others,1
37131-MAH,Male,52,No,Maharashtra,6,2,None,Yes,No,Yes,Fiber Optic,No,No,No,No,Yes,Yes,Yes,Yes,Month-to-Month,Yes,Bank Withdrawal,89,89,0,0,17,106,Joined,Others,Others,1
17597-HAR,Female,33,Yes,Haryana,2,6,Deal 5,No,No,Yes,DSL,No,Yes,No,No,No,No,No,Yes,Month-to-Month,Yes,Bank Withdrawal,30,30,0,0,0,30,Joined,Others,Others,1
82427-MAH,Male,36,No,Maharashtra,15,28,Deal 5,Yes,No,No,None,No,No,No,No,No,No,No,No,Month-to-Month,No,Credit Card,20,20,0,0,18,37,Joined,Others,Others,1
28378-MAD,Female,65,No,Madhya Pradesh,12,1,Deal 5,Yes,No,No,None,No,No,No,No,No,No,No,No,Month-to-Month,No,Bank Withdrawal,19,19,0,0,47,66,Joined,Others,Others,1
18027-UTT,Female,58,Yes,Uttar Pradesh,15,30,Deal 5,Yes,No,No,None,No,No,No,No,No,No,No,No,Month-to-Month,Yes,Credit Card,20,34,0,0,8,41,Joined,Others,Others,1
28398-TEL,Male,59,Yes,Telangana,3,23,Deal 5,Yes,No,No,None,No,No,No,No,No,No,No,No,Month-to-Month,No,Credit Card,20,20,0,0,26,46,Joined,Others,Others,1
13946-HAR,Female,41,Yes,Haryana,1,3,Deal 5,Yes,No,No,None,No,No,No,No,No,No,No,No,Month-to-Month,No,Credit Card,20,20,0,0,24,43,Joined,Others,Others,1
38577-BIH,Female,30,Yes,Bihar,6,36,None,Yes,No,Yes,DSL,No,No,No,No,No,No,No,Yes,Month-to-Month,Yes,Bank Withdrawal,45,90,0,0,62,152,Joined,Others,Others,1
83736-UTT,Male,43,Yes,Uttar Pradesh,1,25,None,Yes,No,Yes,DSL,No,No,No,No,No,No,No,Yes,Month-to-Month,No,Credit Card,45,45,0,0,12,58,Joined,Others,Others,1
51657-TAM,Male,54,No,Tamil Nadu,13,16,None,Yes,No,No,None,No,No,No,No,No,No,No,No,Month-to-Month,No,Credit Card,21,61,0,0,59,119,Joined,Others,Others,1
22782-ODI,Female,50,Yes,Odisha,2,28,None,Yes,No,No,None,No,No,No,No,No,No,No,No,Month-to-Month,No,Credit Card,19,55,0,0,30,85,Joined,Others,Others,1
61331-UTT,Male,36,Yes,Uttarakhand,2,10,Deal 5,Yes,No,Yes,DSL,Yes,No,No,No,No,No,No,Yes,Month-to-Month,Yes,Credit Card,51,51,0,0,46,97,Joined,Others,Others,1
83440-GUJ,Male,53,No,Gujarat,4,14,None,Yes,No,No,None,No,No,No,No,No,No,No,No,Month-to-Month,No,Bank Withdrawal,20,50,0,0,93,143,Joined,Others,Others,1
23078-UTT,Female,57,Yes,Uttar Pradesh,3,24,None,Yes,No,No,None,No,No,No,No,No,No,No,No,Month-to-Month,Yes,Bank Withdrawal,20,20,0,0,7,27,Joined,Others,Others,1
53350-TEL,Male,37,Yes,Telangana,6,22,None,Yes,Yes,Yes,Fiber Optic,No,No,No,No,No,No,No,Yes,Month-to-Month,No,Bank Withdrawal,75,217,0,0,21,238,Joined,Others,Others,1
85027-KAR,Male,57,No,Karnataka,14,27,Deal 5,Yes,No,No,None,No,No,No,No,No,No,No,No,Month-to-Month,Yes,Credit Card,20,20,0,0,2,21,Joined,Others,Others,1
53449-MAH,Female,52,No,Maharashtra,8,17,None,Yes,No,No,None,No,No,No,No,No,No,No,No,Month-to-Month,No,Credit Card,20,20,0,0,2,22,Joined,Others,Others,1
78978-UTT,Male,54,No,Uttar Pradesh,0,13,Deal 5,Yes,No,No,None,No,No,No,No,No,No,No,No,Month-to-Month,No,Credit Card,19,19,0,0,16,36,Joined,Others,Others,1
78220-TAM,Female,21,Yes,Tamil Nadu,14,10,None,Yes,No,Yes,Fiber Optic,No,No,Yes,Yes,Yes,No,Yes,Yes,Month-to-Month,Yes,Credit Card,90,244,0,0,75,320,Joined,Others,Others,1
85428-HAR,Female,62,Yes,Haryana,11,18,None,Yes,No,No,None,No,No,No,No,No,No,No,No,Month-to-Month,No,Credit Card,20,40,0,0,71,111,Joined,Others,Others,1
52641-JHA,Female,44,Yes,Jharkhand,7,29,None,Yes,No,Yes,Fiber Optic,No,No,No,No,No,No,No,Yes,Month-to-Month,No,Mailed Check,71,71,0,0,38,109,Joined,Others,Others,1
68556-MAH,Male,68,No,Maharashtra,4,23,None,Yes,No,No,None,No,No,No,No,No,No,No,No,Month-to-Month,No,Credit Card,20,20,0,0,13,33,Joined,Others,Others,1
61025-MAH,Female,45,No,Maharashtra,4,16,Deal 5,Yes,No,Yes,DSL,No,No,Yes,No,No,No,No,Yes,Month-to-Month,Yes,Bank Withdrawal,50,50,0,0,43,92,Joined,Others,Others,1
41500-KAR,Male,31,No,Karnataka,1,31,Deal 5,Yes,No,No,None,No,No,No,No,No,No,No,No,Month-to-Month,No,Credit Card,20,52,0,0,55,107,Joined,Others,Others,1
27461-MAD,Male,22,Yes,Madhya Pradesh,7,6,Deal 5,Yes,No,Yes,Cable,No,No,No,No,No,No,No,Yes,Month-to-Month,Yes,Credit Card,45,45,0,0,23,68,Joined,Others,Others,1
77311-MAD,Male,47,Yes,Madhya Pradesh,9,19,Deal 5,Yes,No,No,None,No,No,No,No,No,No,No,No,Month-to-Month,No,Credit Card,20,20,0,0,40,61,Joined,Others,Others,1
29093-ASS,Male,57,Yes,Assam,6,6,None,Yes,No,No,None,No,No,No,No,No,No,No,No,Month-to-Month,Yes,Mailed Check,20,20,0,0,12,32,Joined,Others,Others,1
83817-UTT,Male,48,No,Uttar Pradesh,8,18,None,Yes,No,No,None,No,No,No,No,No,No,No,No,Month-to-Month,Yes,Mailed Check,21,21,0,0,10,31,Joined,Others,Others,1
38452-MAH,Female,34,No,Maharashtra,6,14,Deal 5,Yes,No,Yes,DSL,Yes,No,No,No,No,No,No,Yes,Month-to-Month,No,Bank Withdrawal,48,48,0,0,46,94,Joined,Others,Others,1
76233-BIH,Female,78,Yes,Bihar,6,9,Deal 5,Yes,No,Yes,Fiber Optic,No,No,No,No,No,No,No,No,Two Year,Yes,Credit Card,71,71,0,30,33,133,Joined,Others,Others,1
41196-MAH,Female,29,Yes,Maharashtra,11,10,Deal 5,Yes,No,Yes,DSL,No,No,No,No,No,No,No,No,Month-to-Month,Yes,Bank Withdrawal,45,45,0,10,41,96,Joined,Others,Others,1
19898-HAR,Male,31,Yes,Haryana,3,30,Deal 5,Yes,No,No,None,No,No,No,No,No,No,No,No,Month-to-Month,No,Credit Card,19,19,0,0,29,49,Joined,Others,Others,1
88215-KAR,Female,19,No,Karnataka,5,10,Deal 5,Yes,Yes,Yes,DSL,No,No,No,No,No,No,No,Yes,Month-to-Month,Yes,Bank Withdrawal,50,50,0,0,43,93,Joined,Others,Others,1
71197-PUN,Female,38,No,Punjab,0,33,Deal 5,Yes,No,Yes,Cable,Yes,No,Yes,No,Yes,Yes,Yes,Yes,Month-to-Month,Yes,Bank Withdrawal,77,206,0,0,133,339,Joined,Others,Others,1
87704-GUJ,Female,38,Yes,Gujarat,9,24,Deal 5,Yes,No,No,None,No,No,No,No,No,No,No,No,Two Year,No,Credit Card,20,20,0,0,44,64,Joined,Others,Others,1
65531-MAH,Female,55,No,Maharashtra,10,22,None,Yes,No,No,None,No,No,No,No,No,No,No,No,Month-to-Month,No,Credit Card,20,20,0,0,12,32,Joined,Others,Others,1
85917-TAM,Male,53,Yes,Tamil Nadu,7,15,Deal 5,Yes,No,No,None,No,No,No,No,No,No,No,No,Month-to-Month,Yes,Credit Card,20,20,0,0,33,53,Joined,Others,Others,1
16244-UTT,Female,19,Yes,Uttar Pradesh,5,7,None,Yes,No,No,None,No,No,No,No,No,No,No,No,Month-to-Month,No,Credit Card,20,20,0,0,5,25,Joined,Others,Others,1
44693-UTT,Female,53,No,Uttar Pradesh,11,27,None,Yes,No,No,None,No,No,No,No,No,No,No,No,One Year,No,Credit Card,20,32,0,0,71,103,Joined,Others,Others,1
51214-MAH,Male,28,No,Maharashtra,12,22,None,Yes,No,Yes,Fiber Optic,No,No,Yes,No,No,No,No,No,Month-to-Month,Yes,Credit Card,74,233,0,10,82,325,Joined,Others,Others,1
82718-TAM,Male,32,Yes,Tamil Nadu,12,7,None,Yes,No,No,None,No,No,No,No,No,No,No,No,Month-to-Month,No,Bank Withdrawal,21,21,0,0,46,67,Joined,Others,Others,1
67941-PUN,Female,46,No,Punjab,9,13,Deal 5,Yes,Yes,Yes,DSL,No,Yes,No,No,No,No,No,No,Month-to-Month,No,Credit Card,54,102,0,10,43,154,Joined,Others,Others,1
82965-TEL,Female,38,No,Telangana,8,20,None,Yes,No,Yes,Cable,No,No,No,No,No,No,No,No,Month-to-Month,No,Credit Card,45,148,0,10,105,263,Joined,Others,Others,1
99862-BIH,Female,30,No,Bihar,12,9,Deal 5,Yes,No,Yes,Fiber Optic,No,No,No,Yes,No,No,No,Yes,Month-to-Month,No,Bank Withdrawal,74,74,0,0,24,98,Joined,Others,Others,1
81098-GUJ,Male,31,Yes,Gujarat,13,11,None,Yes,No,Yes,DSL,Yes,No,No,No,No,No,No,Yes,Month-to-Month,No,Credit Card,51,51,0,0,39,91,Joined,Others,Others,1
41235-WES,Female,37,No,West Bengal,8,10,Deal 5,Yes,No,Yes,DSL,No,No,No,No,No,No,No,Yes,Month-to-Month,Yes,Bank Withdrawal,45,45,0,0,27,72,Joined,Others,Others,1
81235-JHA,Female,42,Yes,Jharkhand,9,32,Deal 5,Yes,No,Yes,DSL,No,No,No,No,No,No,No,Yes,Month-to-Month,Yes,Credit Card,45,45,0,0,16,61,Joined,Others,Others,1
34169-RAJ,Male,51,Yes,Rajasthan,14,30,Deal 5,Yes,Yes,No,None,No,No,No,No,No,No,No,No,Month-to-Month,No,Credit Card,25,62,0,0,81,143,Joined,Others,Others,1
23148-CHH,Female,74,Yes,Chhattisgarh,4,9,Deal 5,Yes,No,Yes,DSL,No,No,No,No,No,No,No,Yes,Two Year,No,Bank Withdrawal,44,44,0,0,29,73,Joined,Others,Others,1
58044-KAR,Female,31,No,Karnataka,5,13,Deal 5,Yes,No,No,None,No,No,No,No,No,No,No,No,Month-to-Month,No,Credit Card,20,42,0,0,11,53,Joined,Others,Others,1
75802-MAH,Female,61,No,Maharashtra,4,3,None,Yes,No,No,None,No,No,No,No,No,No,No,No,Month-to-Month,No,Credit Card,20,20,0,0,14,34,Joined,Others,Others,1
58848-PUN,Male,58,Yes,Punjab,14,18,None,Yes,No,Yes,Cable,Yes,No,No,No,No,No,No,Yes,Month-to-Month,Yes,Credit Card,50,50,0,0,38,88,Joined,Others,Others,1
33565-UTT,Male,72,Yes,Uttar Pradesh,7,29,None,Yes,Yes,Yes,Fiber Optic,No,No,No,No,No,No,No,Yes,Two Year,No,Bank Withdrawal,74,74,0,0,18,92,Joined,Others,Others,1
89154-RAJ,Female,47,No,Rajasthan,5,3,Deal 5,Yes,No,Yes,Cable,No,Yes,No,No,No,No,No,Yes,Month-to-Month,No,Credit Card,49,104,0,0,59,162,Joined,Others,Others,1
77678-JHA,Female,41,Yes,Jharkhand,1,29,None,Yes,No,Yes,DSL,Yes,No,No,No,No,No,No,Yes,Month-to-Month,No,Bank Withdrawal,50,50,0,0,11,60,Joined,Others,Others,1
78021-UTT,Female,45,Yes,Uttar Pradesh,12,35,Deal 5,Yes,Yes,No,None,No,No,No,No,No,No,No,No,Month-to-Month,Yes,Credit Card,25,25,0,0,3,28,Joined,Others,Others,1
29371-WES,Female,23,No,West Bengal,14,9,Deal 5,Yes,No,Yes,DSL,No,No,No,No,No,Yes,Yes,Yes,Month-to-Month,Yes,Bank Withdrawal,55,109,0,0,88,197,Joined,Others,Others,1
88728-UTT,Female,42,No,Uttar Pradesh,12,9,None,Yes,No,No,None,No,No,No,No,No,No,No,No,One Year,No,Credit Card,21,52,0,0,36,88,Joined,Others,Others,1
28782-PUN,Male,58,Yes,Punjab,8,7,Deal 5,Yes,No,Yes,DSL,No,No,No,No,No,No,No,Yes,Month-to-Month,Yes,Mailed Check,45,45,0,0,14,59,Joined,Others,Others,1
49265-BIH,Female,18,Yes,Bihar,4,4,Deal 5,Yes,No,Yes,Cable,Yes,No,Yes,No,No,No,Yes,Yes,Month-to-Month,No,Credit Card,56,158,0,0,100,257,Joined,Others,Others,1
84770-UTT,Female,38,Yes,Uttar Pradesh,2,21,None,Yes,No,No,None,No,No,No,No,No,No,No,No,Month-to-Month,No,Mailed Check,20,20,0,0,28,48,Joined,Others,Others,1
75058-TEL,Female,59,No,Telangana,6,14,None,Yes,No,Yes,DSL,No,No,Yes,Yes,Yes,Yes,Yes,Yes,One Year,No,Credit Card,74,74,0,0,36,110,Joined,Others,Others,1
81169-TEL,Female,62,Yes,Telangana,4,2,None,Yes,No,No,None,No,No,No,No,No,No,No,No,Month-to-Month,No,Bank Withdrawal,19,19,0,0,8,27,Joined,Others,Others,1
65580-UTT,Male,54,No,Uttar Pradesh,6,2,None,Yes,No,No,None,No,No,No,No,No,No,No,No,Month-to-Month,Yes,Credit Card,19,53,0,0,49,102,Joined,Others,Others,1
89804-MAH,Male,34,No,Maharashtra,4,31,Deal 5,Yes,No,No,None,No,No,No,No,No,No,No,No,Month-to-Month,No,Credit Card,19,51,0,0,30,81,Joined,Others,Others,1
74978-MAH,Female,28,Yes,Maharashtra,1,21,None,Yes,No,No,None,No,No,No,No,No,No,No,No,Month-to-Month,No,Bank Withdrawal,20,20,0,0,30,50,Joined,Others,Others,1
99996-HAR,Male,22,Yes,Haryana,2,8,Deal 5,Yes,No,Yes,DSL,Yes,Yes,No,No,No,No,Yes,Yes,Month-to-Month,Yes,Credit Card,54,54,0,0,16,70,Joined,Others,Others,1
21065-HAR,Male,27,No,Haryana,5,10,None,Yes,No,No,None,No,No,No,No,No,No,No,No,Month-to-Month,No,Credit Card,20,20,0,0,11,31,Joined,Others,Others,1
31412-HAR,Female,81,Yes,Haryana,14,29,None,Yes,No,No,None,No,No,No,No,No,No,No,No,Two Year,No,Bank Withdrawal,19,37,0,0,14,51,Joined,Others,Others,1
54997-UTT,Female,55,No,Uttar Pradesh,7,23,None,Yes,No,Yes,DSL,No,No,No,No,No,No,No,Yes,Month-to-Month,Yes,Credit Card,44,44,0,0,26,70,Joined,Others,Others,1
56728-RAJ,Male,40,No,Rajasthan,0,1,None,Yes,No,Yes,DSL,No,No,No,No,No,No,No,Yes,Month-to-Month,No,Credit Card,46,46,0,0,37,83,Joined,Others,Others,1
47624-TAM,Female,62,Yes,Tamil Nadu,7,29,None,Yes,No,Yes,DSL,No,No,No,No,No,Yes,Yes,Yes,Month-to-Month,No,Mailed Check,-5,189,0,0,101,290,Joined,Others,Others,1
